sigmapred,sigmatrue,RMSE
56.832718,56.875,0.042282104
50.298847,50.25,0.0488472
42.361244,41.375,0.9862442
38.338383,37.75,0.5883827
56.13178,56.125,0.006778717
78.04959,77.625,0.42459106
81.599686,81.5,0.09968567
62.72242,63.125,0.40258026
67.544785,67.75,0.20521545
53.84235,53.875,0.032649994
43.764523,43.5,0.26452255
84.22222,83.25,0.9722214
53.7781,53.875,0.09690094
52.085358,52.375,0.28964233
46.733273,47.0,0.26672745
60.61603,61.0,0.38396835
44.489246,44.5,0.010753632
73.20691,73.375,0.16809082
40.55613,39.625,0.93112946
43.470703,43.0,0.47070312
70.32337,70.375,0.051628113
75.09008,74.5,0.59008026
85.86034,85.625,0.2353363
59.91629,59.875,0.041290283
65.83337,66.125,0.2916336
73.274284,73.5,0.22571564
59.85497,60.25,0.39503098
50.30422,50.25,0.054218292
40.579674,40.25,0.32967377
39.311058,38.5,0.81105804
77.69443,78.0,0.3055725
59.078777,59.25,0.17122269
49.70282,49.25,0.45281982
78.37744,78.375,0.0024414062
58.448887,58.75,0.30111313
46.988777,47.25,0.26122284
67.51927,67.375,0.14427185
78.95435,78.75,0.20435333
69.16582,69.25,0.08418274
39.620163,39.25,0.37016296
45.66573,45.375,0.29072952
50.365738,50.5,0.13426208
81.459656,81.0,0.45965576
80.15076,79.75,0.40075684
75.86143,75.625,0.2364273
75.13285,75.0,0.13285065
66.65982,66.625,0.034820557
70.09428,70.25,0.15572357
68.74341,69.125,0.3815918
39.349953,39.0,0.3499527
49.243073,48.75,0.4930725
45.845985,46.0,0.15401459
59.633064,60.0,0.36693573
65.11324,65.5,0.3867569
83.44314,82.875,0.5681381
62.95172,63.375,0.4232788
80.35473,79.875,0.4797287
45.53024,45.25,0.2802391
84.0865,82.75,1.3365021
85.74224,85.0,0.7422409
54.77424,55.0,0.22576141
39.509647,39.0,0.50964737
55.206383,55.25,0.04361725
61.367405,62.125,0.75759506
38.177658,37.625,0.5526581
73.38949,73.125,0.26448822
40.843082,40.625,0.21808243
50.191162,50.25,0.05883789
66.80514,67.0,0.19486237
44.3088,44.375,0.06620026
77.02849,76.625,0.40348816
49.05316,48.625,0.42816162
58.79901,59.125,0.32598877
40.482975,40.125,0.357975
85.93382,85.0,0.93382263
47.618477,48.0,0.38152313
49.550423,49.75,0.19957733
43.632263,43.375,0.25726318
65.77095,65.875,0.10404968
41.19201,40.5,0.692009
80.134094,79.375,0.75909424
43.259827,42.625,0.63482666
47.69848,47.875,0.1765213
53.036213,52.875,0.16121292
67.87993,67.75,0.12992859
85.64202,85.25,0.39202118
56.606724,56.125,0.4817238
66.94304,66.875,0.06803894
49.49222,49.375,0.11722183
57.7057,57.5,0.20569992
77.29737,76.875,0.4223709
84.39526,83.5,0.8952637
74.68819,74.25,0.43818665
39.330597,39.0,0.33059692
44.09907,43.875,0.2240715
45.09491,44.75,0.34490967
47.01855,47.125,0.10644913
58.004055,58.125,0.12094498
61.045216,61.75,0.7047844
50.760307,50.875,0.11469269
57.425934,57.625,0.19906616
62.192177,62.625,0.43282318
71.54887,71.625,0.07613373
63.498795,64.0,0.50120544
78.37595,77.875,0.5009537
38.17728,37.5,0.6772804
64.47401,64.875,0.40099335
46.230007,46.375,0.14499283
60.150574,60.25,0.09942627
77.405464,77.0,0.40546417
51.888065,52.125,0.23693466
69.7939,70.125,0.33110046
40.83499,40.5,0.33499146
76.167534,77.0,0.8324661
75.23334,75.375,0.1416626
55.02322,55.5,0.47677994
68.600075,68.75,0.14992523
61.66381,62.125,0.46118927
82.86217,82.625,0.23716736
74.98555,74.75,0.23554993
60.601524,60.75,0.14847565
62.03808,62.125,0.08692169
81.09218,80.75,0.34217834
80.57178,80.125,0.44677734
75.61741,75.25,0.36740875
82.37866,82.0,0.3786621
38.227676,38.125,0.10267639
74.21811,73.875,0.34310913
63.353138,63.0,0.35313797
43.49833,43.25,0.24832916
72.51462,72.375,0.13961792
52.454132,53.125,0.6708679
70.53898,70.625,0.08602142
83.76434,83.5,0.26434326
60.997395,61.25,0.25260544
53.195354,53.5,0.30464554
85.71561,85.125,0.5906067
77.41258,76.875,0.5375824
48.114803,48.625,0.5101967
69.680954,70.0,0.31904602
58.093422,58.75,0.65657806
65.100655,64.875,0.2256546
74.03268,74.125,0.0923233
83.863594,83.375,0.48859406
55.45603,55.625,0.1689682
63.566887,63.75,0.1831131
49.844147,49.875,0.030853271
44.735085,44.75,0.014915466
42.90317,41.875,1.0281715
81.15511,80.875,0.28011322
79.599556,79.25,0.34955597
82.945076,82.875,0.07007599
44.230484,44.5,0.269516
62.042534,62.0,0.042533875
42.89261,42.75,0.14260864
71.60281,72.0,0.39718628
76.317566,76.25,0.06756592
65.083046,65.5,0.41695404
77.51076,77.375,0.13575745
57.430336,57.625,0.194664
55.729725,55.75,0.020275116
39.943905,39.625,0.31890488
67.64865,68.0,0.35134888
74.47144,74.875,0.40355682
82.164246,82.125,0.039245605
75.79997,75.625,0.17497253
68.00702,68.0,0.007019043
51.86572,52.0,0.13428116
81.5446,81.25,0.29460144
83.111206,82.25,0.86120605
41.542385,40.5,1.0423851
38.19873,38.125,0.07373047
77.55531,77.75,0.19468689
71.1246,70.875,0.24960327
85.57499,85.125,0.44998932
43.70779,43.5,0.20779037
41.86967,40.75,1.1196709
44.73861,44.75,0.011390686
67.63331,67.375,0.2583084
83.95553,83.0,0.95552826
43.69583,43.625,0.0708313
60.667183,61.125,0.45781708
84.887566,85.375,0.4874344
66.60057,66.75,0.14942932
45.06671,44.875,0.19171143
49.94266,50.0,0.057338715
64.86647,64.625,0.24147034
56.093166,56.5,0.40683365
72.80191,72.625,0.1769104
74.379875,74.375,0.004875183
82.93027,82.75,0.18026733
67.558365,67.75,0.19163513
48.049088,47.875,0.17408752
47.72243,47.75,0.027568817
57.152496,57.25,0.09750366
86.02327,85.875,0.14826965
84.70812,84.0,0.70812225
81.55531,82.125,0.5696869
71.95178,71.75,0.20178223
78.97803,79.0,0.021972656
56.109367,55.875,0.23436737
54.528225,54.875,0.34677505
62.36692,63.0,0.6330795
37.624653,37.0,0.62465286
61.582664,61.625,0.04233551
56.05777,56.375,0.31723022
78.05781,77.5,0.5578079
54.811684,54.5,0.31168365
66.7958,67.0,0.20420074
52.166836,52.125,0.041835785
60.917908,61.5,0.5820923
43.086433,42.875,0.21143341
48.914963,49.125,0.21003723
38.720737,38.375,0.34573746
77.64351,77.75,0.10649109
81.21191,81.375,0.16309357
62.178177,62.0,0.17817688
44.21633,44.125,0.09133148
59.61063,59.75,0.13936996
51.769012,51.75,0.019012451
80.477066,80.125,0.35206604
59.664383,60.25,0.58561707
55.41502,55.625,0.20998001
73.86461,73.875,0.010391235
54.07988,54.625,0.54512024
63.3749,63.5,0.12509918
46.80738,46.875,0.067619324
86.53845,85.625,0.91345215
63.64684,64.25,0.60316086
53.283936,53.375,0.09106445
63.320145,63.75,0.42985535
57.522377,58.125,0.602623
41.956367,41.5,0.4563675
84.47946,83.5,0.97946167
43.946354,44.375,0.4286461
74.08574,74.375,0.28926086
39.17266,38.875,0.29766083
42.142307,41.625,0.5173073
70.18593,70.375,0.18907166
37.566563,37.0,0.56656265
44.01547,44.375,0.3595314
39.808533,39.875,0.066467285
79.25693,79.5,0.24307251
71.30192,71.25,0.05191803
75.13588,74.625,0.5108795
56.98388,56.875,0.10887909
59.60896,59.375,0.2339592
43.628754,43.625,0.003753662
78.352974,78.0,0.35297394
84.23653,83.375,0.8615265
63.948303,64.375,0.42669678
79.74655,79.75,0.0034484863
84.98129,83.625,1.3562927
66.687546,66.5,0.18754578
64.66572,64.875,0.20928192
69.46833,69.75,0.28166962
69.06781,68.625,0.44281006
37.987278,37.25,0.737278
59.602997,60.0,0.39700317
53.57543,53.875,0.29956818
76.61289,76.5,0.11289215
60.84816,60.75,0.09815979
81.834694,81.375,0.4596939
55.63669,55.625,0.011688232
40.778797,40.0,0.77879715
51.923283,52.375,0.45171738
60.46415,60.75,0.28585052
71.17413,71.25,0.0758667
50.03044,50.125,0.094558716
73.69522,73.75,0.054779053
53.08536,53.25,0.16463852
84.9188,84.125,0.79380035
40.97779,40.375,0.60279083
55.032703,55.5,0.4672966
71.67703,71.75,0.07296753
64.187065,65.0,0.8129349
60.934143,61.125,0.19085693
69.3447,69.625,0.28029633
66.29968,66.625,0.32531738
83.13763,82.125,1.0126266
39.85291,39.375,0.4779091
69.254745,69.5,0.24525452
59.075886,59.5,0.42411423
71.403915,71.375,0.028915405
50.22352,50.375,0.15148163
77.436295,77.5,0.063705444
38.647064,37.75,0.8970642
62.8141,63.5,0.68590164
85.34195,84.25,1.0919495
79.64505,79.375,0.27005005
55.251854,55.5,0.24814606
48.812023,48.875,0.06297684
54.683342,54.875,0.19165802
44.291485,44.375,0.08351517
63.16983,63.5,0.33016968
56.163403,56.125,0.038402557
42.71132,42.5,0.21131897
51.19468,51.125,0.06967926
60.49636,61.125,0.6286392
43.70316,43.125,0.57815933
61.449196,62.0,0.55080414
55.53378,55.625,0.091220856
38.09306,37.0,1.0930595
38.207756,37.5,0.70775604
67.65314,67.5,0.1531372
42.141235,42.0,0.14123535
80.713234,80.25,0.46323395
63.742798,64.125,0.38220215
44.24166,44.0,0.24166107
71.83677,71.625,0.2117691
62.44264,63.125,0.6823616
42.33122,41.375,0.9562187
62.716606,63.0,0.28339386
49.663147,50.0,0.33685303
59.319122,59.5,0.18087769
50.620117,50.625,0.0048828125
57.106487,57.625,0.5185127
65.56325,66.125,0.5617523
43.91268,44.0,0.08731842
62.21415,62.375,0.16085052
50.18611,50.375,0.18888855
57.666462,58.0,0.33353806
80.04227,80.125,0.082733154
58.057823,58.625,0.5671768
54.940346,55.0,0.059654236
38.435783,38.0,0.4357834
59.19536,59.125,0.07035828
69.37879,69.625,0.24620819
78.30705,77.875,0.4320526
85.10007,84.75,0.35006714
66.41114,66.625,0.21385956
38.17547,37.125,1.0504684
68.17771,68.0,0.17771149
55.02085,55.625,0.60414886
82.333244,82.5,0.16675568
47.882828,48.25,0.36717224
40.082973,40.125,0.04202652
67.98067,68.0,0.019332886
84.736404,83.625,1.1114044
68.14402,68.0,0.14402008
69.55301,69.875,0.32199097
74.845406,74.5,0.34540558
49.904922,49.875,0.029922485
43.108757,42.875,0.23375702
58.212315,58.625,0.4126854
62.9903,63.5,0.5097008
48.188396,48.375,0.18660355
72.27018,72.125,0.14517975
64.200745,64.625,0.42425537
82.83505,82.375,0.4600525
54.859413,55.25,0.39058685
56.10392,56.625,0.52108
75.90344,76.25,0.34655762
85.75813,85.25,0.50813293
47.39818,47.875,0.4768219
38.558308,38.25,0.30830765
74.135185,74.0,0.13518524
56.7327,56.25,0.48270035
80.93187,81.25,0.3181305
63.469627,63.875,0.40537262
71.36893,71.625,0.256073
67.25064,67.375,0.12435913
38.859173,38.5,0.35917282
72.21661,72.375,0.15838623
62.256203,62.625,0.3687973
81.13291,80.625,0.5079117
83.43701,83.125,0.31201172
39.315796,39.0,0.3157959
51.480118,51.375,0.1051178
51.45939,51.75,0.29061127
75.26492,75.125,0.1399231
44.12502,43.75,0.37501907
76.38152,75.875,0.50652313
62.612335,63.125,0.5126648
82.94303,82.5,0.4430313
53.691044,54.375,0.68395615
65.443794,65.75,0.30620575
63.615288,64.375,0.7597122
59.317116,59.375,0.057884216
58.246933,58.875,0.628067
75.057915,75.125,0.067085266
81.281845,80.875,0.4068451
47.36884,47.625,0.25616074
79.315216,79.25,0.065216064
68.62065,68.875,0.25434875
70.60898,70.625,0.016021729
71.36607,71.5,0.13392639
56.481575,56.625,0.14342499
84.171875,83.875,0.296875
63.74271,63.875,0.13228989
42.019814,40.875,1.1448135
64.50597,65.0,0.4940338
72.629555,72.75,0.12044525
38.712067,37.875,0.83706665
40.1989,40.125,0.073898315
71.40698,71.75,0.34301758
54.079693,54.5,0.42030716
69.43663,69.875,0.43836975
51.380814,51.25,0.1308136
75.494774,76.125,0.63022614
51.951866,52.0,0.04813385
41.730183,40.625,1.1051826
44.174053,44.0,0.17405319
80.548996,80.125,0.42399597
79.80458,79.375,0.4295807
53.072292,53.5,0.42770767
85.29108,84.625,0.66607666
61.01216,61.625,0.61283875
39.85173,39.75,0.10173035
42.017025,41.5,0.517025
68.42632,69.0,0.57367706
46.31789,46.5,0.18210983
83.61675,82.75,0.8667526
75.97661,75.5,0.47660828
61.17491,61.75,0.5750885
78.67473,78.125,0.5497284
79.45668,79.125,0.3316803
61.241753,61.625,0.38324738
47.269394,46.875,0.39439392
84.56115,84.0,0.5611496
46.60965,46.125,0.48464966
84.709206,85.25,0.5407944
72.44757,72.25,0.1975708
79.66889,79.5,0.1688919
71.531784,71.375,0.15678406
40.708366,40.25,0.4583664
47.166294,47.625,0.4587059
49.899925,50.0,0.10007477
81.45664,80.875,0.58164215
45.72899,45.75,0.021011353
50.854797,51.25,0.39520264
39.030903,38.75,0.28090286
74.46552,76.0,1.5344772
85.86244,85.25,0.612442
71.12349,71.125,0.0015106201
79.53208,80.25,0.7179184
57.349285,57.625,0.27571487
72.90272,72.625,0.2777176
41.595882,41.125,0.47088242
77.446045,77.375,0.07104492
56.3378,56.25,0.08779907
42.5165,41.125,1.3914986
69.28125,69.625,0.34375
70.84289,70.875,0.03211212
49.172985,49.25,0.07701492
81.17302,80.875,0.2980194
50.65387,50.875,0.22113037
50.56601,50.625,0.05899048
52.34549,52.625,0.2795105
81.802025,81.25,0.55202484
40.822853,40.375,0.4478531
37.47313,37.625,0.15187073
58.95038,59.125,0.17462158
85.58067,84.5,1.0806732
48.856117,49.0,0.14388275
83.54371,82.5,1.0437088
68.73303,68.25,0.48303223
69.20468,69.0,0.2046814
60.268116,60.25,0.018115997
62.370277,62.625,0.2547226
55.505642,55.75,0.24435806
60.92827,60.5,0.42826843
76.38901,76.375,0.014007568
84.72121,84.5,0.22120667
60.49307,60.375,0.118068695
65.90964,65.875,0.03463745
41.633904,41.625,0.008903503
77.529465,77.625,0.09553528
75.7444,75.375,0.36940002
49.341763,49.375,0.033237457
64.77391,65.25,0.47608948
44.381966,44.5,0.11803436
84.91049,84.125,0.78549194
49.60394,49.625,0.021060944
84.03512,83.625,0.4101181
60.471664,60.625,0.15333557
80.222435,79.75,0.472435
57.9301,58.375,0.4449005
50.73056,51.0,0.2694397
55.50491,55.5,0.0049095154
73.552315,73.75,0.19768524
73.624115,73.0,0.624115
38.430122,38.375,0.055122375
84.563965,84.125,0.43896484
74.36386,74.5,0.13613892
38.75907,38.0,0.75907135
50.242165,50.375,0.13283539
58.977562,59.5,0.52243805
48.266,48.5,0.23400116
53.78851,54.125,0.33649063
44.01884,44.0,0.01884079
49.803642,50.0,0.19635773
53.206352,53.125,0.081352234
56.89994,57.125,0.22505951
64.41034,64.5,0.089660645
52.32932,52.375,0.045681
47.00322,46.75,0.2532196
74.12391,74.125,0.0010910034
65.83932,66.125,0.28568268
39.469513,39.375,0.09451294
81.39375,81.0,0.39375305
86.09383,85.75,0.3438263
74.39323,74.5,0.10677338
38.270195,38.125,0.145195
70.79566,71.0,0.20433807
49.406013,49.25,0.15601349
76.99778,76.875,0.122779846
45.271217,45.0,0.27121735
73.90628,73.625,0.28128052
46.8511,47.25,0.39889908
57.02377,57.625,0.6012306
62.98308,62.875,0.10808182
83.645096,82.625,1.0200958
47.230812,47.25,0.019187927
57.305412,57.625,0.3195877
81.00958,80.625,0.38458252
49.25213,49.125,0.1271286
46.30064,45.875,0.4256401
81.90506,81.375,0.5300598
77.0692,76.875,0.19419861
51.29525,51.625,0.32975006
58.477566,59.0,0.52243423
71.808655,72.25,0.4413452
68.75623,68.875,0.118766785
54.018322,54.5,0.481678
83.78248,83.375,0.40747833
73.049126,72.5,0.5491257
70.9449,71.25,0.3050995
54.189827,54.75,0.56017303
62.85804,63.125,0.26696014
70.49078,70.625,0.13421631
50.30236,50.375,0.072639465
83.3479,83.0,0.3479004
50.900673,50.875,0.025672913
57.847122,58.125,0.2778778
75.55002,75.875,0.3249817
67.86052,67.75,0.11051941
83.42572,82.75,0.6757202
52.236824,52.75,0.51317596
76.44382,76.125,0.31881714
85.814255,85.125,0.68925476
82.60498,82.25,0.35498047
65.63843,66.0,0.36157227
70.677414,70.875,0.19758606
67.68547,67.75,0.06452942
48.148746,48.375,0.22625351
50.51123,50.5,0.011230469
51.314583,51.75,0.43541718
85.03929,85.25,0.21070862
53.590965,53.75,0.15903473
78.66129,78.875,0.21370697
60.462055,60.25,0.2120552
51.78144,52.25,0.46855927
44.32437,44.375,0.050628662
69.99845,70.375,0.37654877
48.297844,48.625,0.32715607
85.378235,85.375,0.0032348633
65.903,66.375,0.47200012
75.55011,75.75,0.19989014
68.629425,68.625,0.004425049
84.27762,83.375,0.9026184
77.12405,76.875,0.24904633
79.83229,79.625,0.20729065
64.51935,65.125,0.60565186
78.50334,77.625,0.8783417
80.30983,79.5,0.8098297
47.50335,47.875,0.3716507
69.35677,69.75,0.39322662
37.40896,37.125,0.28395844
70.80113,71.125,0.3238678
70.943634,71.0,0.056365967
83.914024,83.5,0.41402435
42.6239,41.875,0.74890137
42.983566,42.25,0.7335663
67.16523,66.875,0.2902298
63.53028,64.125,0.59471893
65.29947,65.75,0.450531
41.612255,40.5,1.1122551
54.07641,54.5,0.4235916
74.26924,73.75,0.51924133
53.364635,53.875,0.51036453
70.83476,70.875,0.040237427
83.71311,83.125,0.5881119
42.13507,41.625,0.5100708
47.311607,47.75,0.43839264
64.49744,64.75,0.25256348
85.64352,85.25,0.39351654
74.909904,74.75,0.15990448
72.550545,72.125,0.42554474
60.936928,60.875,0.061927795
84.522125,83.5,1.0221252
75.98592,76.125,0.13907623
81.388435,80.75,0.63843536
65.60873,65.375,0.2337265
45.978752,45.5,0.47875214
47.3375,47.75,0.41249847
54.02539,54.125,0.099609375
42.97256,42.125,0.8475609
39.8249,39.75,0.07490158
56.904667,56.75,0.1546669
66.30453,66.125,0.17952728
78.69264,78.625,0.06764221
71.37602,71.5,0.12397766
49.138107,49.125,0.0131073
38.12397,37.625,0.49897003
49.869774,50.125,0.25522614
63.54919,64.0,0.45080948
72.33529,72.375,0.039711
43.59281,43.75,0.15718842
52.680225,53.125,0.44477463
40.52556,40.125,0.40055847
48.127216,48.5,0.37278366
80.34392,79.5,0.84391785
64.450806,64.75,0.29919434
79.80336,79.75,0.053359985
40.72816,40.375,0.35316086
77.703896,77.875,0.17110443
84.62111,84.375,0.24610901
65.4927,65.625,0.13230133
81.01781,81.25,0.232193
49.31016,49.25,0.06016159
48.34951,48.625,0.2754898
84.621994,84.25,0.37199402
78.98039,78.625,0.35539246
60.150234,60.125,0.025234222
57.712902,57.75,0.03709793
73.65203,73.75,0.097969055
77.121056,76.875,0.2460556
63.382843,63.5,0.11715698
45.812252,45.25,0.56225204
79.525734,79.375,0.15073395
61.990715,62.25,0.25928497
74.559204,74.375,0.1842041
57.444893,57.375,0.06989288
56.5438,56.5,0.043800354
72.39015,72.0,0.39015198
73.63166,73.5,0.13166046
44.294125,44.25,0.044124603
70.01032,70.375,0.36467743
39.662476,39.5,0.16247559
73.459915,73.5,0.04008484
38.986374,38.5,0.4863739
52.040936,52.5,0.45906448
43.228825,42.875,0.35382462
84.36003,83.5,0.8600311
81.36578,81.0,0.3657837
57.16643,57.375,0.20856857
67.01373,66.875,0.13873291
40.893105,40.375,0.51810455
46.918777,47.125,0.20622253
60.7638,60.875,0.111198425
65.94661,66.25,0.3033905
47.804775,48.125,0.32022476
66.84691,67.0,0.15309143
81.66972,81.25,0.4197235
50.774143,51.125,0.35085678
76.26082,75.75,0.5108185
86.4293,85.5,0.9292984
47.067905,47.25,0.18209457
39.439697,39.125,0.31469727
54.927277,55.125,0.19772339
59.9513,60.0,0.048698425
54.667965,54.625,0.042964935
37.480743,37.25,0.23074341
65.15359,65.375,0.22141266
68.49219,68.375,0.1171875
65.76815,65.875,0.10684967
39.70382,39.25,0.45381927
78.40718,78.375,0.032180786
80.62959,80.25,0.3795929
52.97534,53.625,0.6496582
53.64367,54.0,0.35633087
60.440544,60.375,0.06554413
42.034523,41.25,0.784523
45.673977,45.5,0.1739769
38.461388,38.125,0.33638763
85.42296,84.375,1.0479584
44.312984,44.25,0.06298447
56.443,56.5,0.056999207
53.083603,53.125,0.041397095
49.014244,49.0,0.01424408
80.65464,80.25,0.4046402
84.18909,83.75,0.4390869
39.21228,38.375,0.8372803
68.425804,68.5,0.07419586
48.99406,49.0,0.0059394836
65.60546,65.625,0.01953888
75.33513,75.625,0.28987122
42.807556,42.625,0.18255615
47.10845,47.375,0.26654816
58.627426,58.875,0.24757385
86.47594,85.75,0.7259369
57.81833,58.25,0.43167114
49.96437,49.875,0.08937073
46.20391,46.125,0.07891083
56.222996,56.375,0.15200424
85.09824,84.125,0.9732437
41.648113,41.125,0.52311325
83.65439,83.25,0.40438843
63.855263,64.0,0.14473724
67.42889,67.375,0.053886414
41.265186,40.75,0.5151863
65.79711,66.125,0.3278885
46.089394,46.0,0.089393616
56.23102,56.5,0.26897812
60.78801,61.125,0.33699036
37.962902,37.375,0.58790207
77.05831,76.5,0.55831146
83.820114,83.25,0.57011414
65.107994,65.75,0.6420059
39.80597,39.75,0.05596924
39.706657,39.5,0.20665741
59.890198,59.875,0.015197754
68.752266,69.0,0.24773407
37.70195,37.0,0.7019501
69.990654,70.25,0.259346
64.38883,64.875,0.4861679
62.13323,62.5,0.3667717
53.601955,53.625,0.023044586
38.401833,37.875,0.5268326
55.409946,55.5,0.09005356
83.72564,83.125,0.60063934
85.21385,85.625,0.41114807
63.93074,64.125,0.19425964
73.5147,73.25,0.26470184
78.4138,78.0,0.4138031
42.895653,42.125,0.7706528
71.789505,71.875,0.085494995
70.95282,71.125,0.17218018
67.26724,67.125,0.14224243
38.735924,38.0,0.73592377
39.25111,39.125,0.12611008
84.36646,83.875,0.4914627
54.6446,54.625,0.019599915
77.530014,77.125,0.40501404
47.49756,47.625,0.1274414
64.134995,64.5,0.3650055
59.537292,60.125,0.5877075
75.95477,75.75,0.20477295
47.120293,47.5,0.37970734
40.19328,39.75,0.44327927
61.806408,62.0,0.19359207
81.684265,81.375,0.30926514
42.623634,42.125,0.49863434
78.752106,78.625,0.12710571
61.818764,62.125,0.30623627
79.873184,80.125,0.2518158
41.67405,40.875,0.7990494
48.10599,48.375,0.26900864
68.67252,69.25,0.5774765
76.789215,76.25,0.5392151
59.140976,59.375,0.23402405
52.582535,53.125,0.5424652
73.38006,73.25,0.13005829
56.531315,56.625,0.09368515
68.469055,68.625,0.15594482
54.91053,55.125,0.21446991
67.308044,67.5,0.19195557
62.36908,62.5,0.13092041
83.06061,82.375,0.6856079
61.18495,61.5,0.31504822
40.241096,40.0,0.2410965
67.83028,67.625,0.20527649
60.879757,60.875,0.0047569275
52.145393,52.5,0.35460663
68.76933,68.875,0.105667114
77.16928,76.75,0.419281
57.04602,57.375,0.3289795
68.561066,68.75,0.18893433
60.624996,60.75,0.12500381
64.366615,64.875,0.5083847
76.73137,76.625,0.10636902
46.30822,46.625,0.3167801
47.331863,47.75,0.4181366
41.656906,41.0,0.6569061
49.77622,49.875,0.098781586
43.10879,42.125,0.98379135
58.83325,59.125,0.29175186
48.6736,48.75,0.07640076
46.865364,47.125,0.25963593
67.72336,67.75,0.026641846
65.85359,65.625,0.22859192
37.810085,37.5,0.3100853
39.7535,39.375,0.3785019
72.015594,72.125,0.10940552
49.980045,49.625,0.35504532
53.432034,53.125,0.30703354
80.89703,81.125,0.22796631
62.766644,62.625,0.14164352
46.190586,46.25,0.05941391
42.617302,41.875,0.74230194
48.77828,48.75,0.02827835
53.629272,54.125,0.49572754
38.401794,37.875,0.52679443
59.023674,59.125,0.10132599
43.381702,42.875,0.5067024
42.603832,42.375,0.22883224
67.14118,67.125,0.016181946
70.02095,70.375,0.35404968
51.463158,51.625,0.16184235
54.01929,53.5,0.5192909
62.324936,63.0,0.6750641
60.197815,59.875,0.32281494
42.52402,42.125,0.39902115
50.841675,51.25,0.4083252
51.24533,51.375,0.12966919
45.97532,45.75,0.22531891
67.75208,67.875,0.122917175
50.465874,50.75,0.28412628
61.80124,62.125,0.323761
60.071476,60.5,0.42852402
64.9355,65.375,0.4394989
76.865906,76.375,0.49090576
65.57347,66.0,0.42652893
67.27745,67.375,0.09754944
82.63844,82.0,0.638443
57.13835,57.0,0.13835144
69.43582,69.625,0.18917847
78.642105,78.375,0.2671051
73.932335,74.0,0.0676651
78.82293,78.75,0.07292938
43.69871,43.375,0.3237114
46.192467,45.875,0.31746674
86.11769,85.625,0.49269104
58.21344,58.375,0.16156006
85.61757,85.875,0.25743103
65.96612,66.0,0.03388214
68.91069,69.0,0.08930969
67.8191,68.0,0.18090057
57.804394,58.125,0.32060623
52.77384,53.375,0.60115814
59.339615,59.75,0.41038513
68.61977,68.375,0.24476624
76.31227,76.5,0.18772888
43.894474,44.375,0.48052597
63.269257,63.875,0.6057434
53.627224,53.75,0.12277603
57.615585,58.25,0.6344147
54.60094,55.0,0.3990593
52.376408,52.125,0.25140762
52.2266,52.25,0.023399353
49.783417,49.875,0.09158325
84.09047,83.375,0.71546936
48.368626,48.625,0.25637436
83.65681,82.375,1.281807
73.10224,73.25,0.14775848
46.315353,46.25,0.06535339
84.94151,84.0,0.94151306
54.088734,54.375,0.28626633
55.969105,56.375,0.40589523
83.26148,82.375,0.88648224
85.05316,83.875,1.1781616
42.784893,42.125,0.65989304
46.156452,46.125,0.03145218
83.16492,83.25,0.08508301
43.25231,43.0,0.2523117
43.522873,43.125,0.39787292
63.33571,63.75,0.41429138
66.38729,66.375,0.012290955
83.89328,83.125,0.76828
68.731255,69.0,0.26874542
72.60179,72.375,0.22679138
74.39933,74.25,0.14933014
51.671844,51.875,0.20315552
73.87138,74.125,0.25361633
40.654198,40.375,0.2791977
73.7486,73.875,0.12640381
53.52896,53.125,0.40396118
83.39063,83.5,0.10936737
53.66601,54.0,0.3339882
63.742546,64.125,0.38245392
43.174866,42.375,0.7998657
76.15233,75.625,0.5273285
74.177704,74.375,0.19729614
82.71785,82.125,0.59284973
58.62701,58.75,0.122989655
78.19923,77.75,0.44922638
48.416565,48.375,0.04156494
83.84167,83.125,0.7166672
58.068634,58.375,0.30636597
43.008232,42.75,0.25823212
84.468735,83.625,0.84373474
46.50418,46.625,0.12081909
52.36306,52.375,0.011940002
52.528748,53.0,0.47125244
47.43634,47.875,0.43865967
81.028854,80.875,0.15385437
84.79069,84.25,0.54068756
77.256165,77.125,0.13116455
68.121,68.125,0.0039978027
67.41078,67.125,0.28578186
77.145134,77.125,0.020133972
46.285175,45.875,0.41017532
56.559174,56.75,0.19082642
80.71707,80.5,0.21707153
75.121506,74.875,0.24650574
59.25785,59.75,0.49214935
52.929825,52.875,0.05482483
41.78951,41.375,0.41450882
43.98652,43.375,0.61151886
58.708145,59.25,0.54185486
60.109467,60.0,0.10946655
45.95034,45.625,0.32534027
52.51103,53.25,0.7389717
57.703423,57.875,0.17157745
55.259483,55.375,0.11551666
38.684013,38.375,0.30901337
51.411213,51.625,0.21378708
49.38888,49.25,0.13888168
52.237045,51.875,0.3620453
55.253883,55.375,0.12111664
53.429565,53.5,0.07043457
76.49779,76.375,0.122787476
63.72912,64.125,0.39588165
57.017323,57.375,0.35767746
74.44501,74.625,0.17999268
49.66144,49.625,0.036441803
59.860786,60.0,0.13921356
73.05823,72.75,0.30822754
46.006287,45.375,0.6312866
49.339737,49.5,0.16026306
67.38195,67.25,0.13195038
71.65699,71.625,0.03199005
61.672882,62.0,0.32711792
64.00819,64.0,0.00818634
68.92744,68.75,0.17743683
82.70572,82.5,0.205719
64.056625,63.875,0.18162537
65.79549,66.125,0.32951355
62.95218,63.25,0.29782104
45.514694,45.25,0.2646942
75.67488,75.75,0.07511902
64.76058,65.5,0.739418
85.457695,84.25,1.207695
69.130905,69.5,0.36909485
63.06962,63.375,0.30538177
77.65823,77.875,0.21676636
57.41578,57.75,0.3342209
72.15271,72.5,0.34729004
58.789658,59.0,0.2103424
63.284176,64.25,0.9658241
63.34102,63.75,0.40898132
49.7709,49.875,0.10409927
81.50251,81.625,0.12248993
53.9881,54.25,0.26190186
41.85446,41.375,0.47946167
51.44045,51.75,0.30955124
67.51057,67.625,0.11443329
68.47815,68.5,0.021850586
84.80069,84.0,0.8006897
81.91847,81.375,0.5434723
76.13051,76.375,0.24449158
74.177414,74.0,0.17741394
52.486336,52.75,0.26366425
43.886837,44.125,0.238163
74.02098,73.75,0.27098083
81.20815,80.375,0.8331528
82.9247,82.25,0.6746979
42.653404,41.75,0.90340424
78.636665,78.75,0.113334656
56.78499,57.0,0.2150116
38.09825,37.5,0.59825134
68.522964,68.5,0.022964478
69.861404,69.75,0.11140442
77.808174,78.125,0.31682587
76.84832,76.75,0.09832001
47.266724,47.75,0.48327637
70.813416,71.0,0.18658447
73.26778,73.375,0.10722351
45.97613,45.875,0.10113144
64.66101,65.125,0.46398926
52.628178,53.0,0.37182236
52.318047,52.5,0.18195343
43.54876,43.25,0.29875946
40.429565,40.0,0.42956543
76.46361,76.5,0.036392212
64.29096,64.625,0.33403778
50.89759,51.125,0.22740936
43.514317,43.75,0.23568344
75.08099,75.0,0.08099365
85.70634,85.375,0.33133698
71.06877,71.375,0.30622864
67.375694,67.5,0.124305725
71.2363,71.375,0.1387024
68.325775,68.375,0.049224854
83.94888,83.625,0.32388306
45.044056,45.0,0.04405594
85.65831,85.125,0.53330994
78.09333,78.375,0.28166962
54.96853,55.25,0.28147125
79.22919,79.25,0.020812988
76.15538,75.625,0.53038025
40.512806,39.5,1.0128059
65.214035,65.0,0.21403503
73.92178,73.5,0.42178345
57.965675,58.25,0.28432465
53.73222,54.0,0.2677803
64.37443,65.0,0.6255722
74.80562,74.625,0.18061829
46.24268,45.875,0.3676796
47.9422,48.25,0.3078003
61.588867,61.875,0.2861328
84.73565,83.75,0.9856491
67.53323,67.375,0.15823364
83.88107,83.625,0.256073
46.97911,47.125,0.14588928
85.87334,85.125,0.7483368
45.46494,45.375,0.08993912
38.40159,37.875,0.52658844
75.21397,75.0,0.21396637
68.27263,68.375,0.102371216
43.620552,43.5,0.12055206
64.74229,65.0,0.25771332
70.47288,70.5,0.027122498
47.73259,47.875,0.14241028
69.42554,69.0,0.4255371
53.267166,53.5,0.23283386
74.91258,75.0,0.0874176
80.3424,80.0,0.3423996
49.67153,49.75,0.07846832
64.13486,64.125,0.009857178
46.452446,46.625,0.17255402
49.7163,50.0,0.28369904
60.23919,59.875,0.36418915
84.34503,84.625,0.27996826
82.0266,82.125,0.0983963
43.52903,44.0,0.47097015
62.655823,63.625,0.96917725
65.89521,66.125,0.22978973
62.30709,62.625,0.31790924
57.634995,58.125,0.4900055
80.37779,81.125,0.74720764
52.593086,52.875,0.28191376
53.82856,54.0,0.17144012
47.17169,47.5,0.3283081
71.014915,71.375,0.36008453
68.41148,68.25,0.16148376
79.74625,79.125,0.62124634
38.91519,38.625,0.29019165
45.7863,45.625,0.16130066
41.952644,41.375,0.57764435
61.835533,62.125,0.28946686
48.22606,48.5,0.27394104
72.399826,72.375,0.02482605
57.57378,57.75,0.17621994
56.79798,56.75,0.047981262
77.13051,76.875,0.25550842
43.625244,43.75,0.12475586
46.404907,46.5,0.09509277
50.38314,50.5,0.116859436
47.842762,47.875,0.032238007
63.518784,64.25,0.73121643
55.758556,56.0,0.24144363
79.76281,80.0,0.23719025
56.76017,56.875,0.11483002
78.47811,78.625,0.14688873
43.24786,42.875,0.37285995
54.25461,54.0,0.25460815
65.02581,65.25,0.22418976
74.48279,74.625,0.14221191
38.684025,38.375,0.3090248
57.83956,58.375,0.53543854
43.124126,42.75,0.37412643
49.415478,49.5,0.08452225
63.054157,63.25,0.19584274
38.6817,37.875,0.80670166
64.6462,64.875,0.22879791
45.470142,45.25,0.22014236
85.69742,84.875,0.8224182
64.129616,64.625,0.49538422
54.734814,54.25,0.4848137
38.00053,37.5,0.50053024
83.561104,82.75,0.8111038
63.464073,63.625,0.16092682
60.14563,60.625,0.47937012
73.87232,74.125,0.25267792
78.54432,78.375,0.16931915
78.85268,78.375,0.4776764
50.548622,50.5,0.04862213
47.47949,47.875,0.39551163
86.24498,85.875,0.36997986
56.46925,56.25,0.21924973
39.898323,39.25,0.64832306
55.08331,55.125,0.041690826
69.484924,69.375,0.10992432
42.10838,41.625,0.48337936
61.549965,61.75,0.2000351
71.179985,71.125,0.054985046
69.32387,69.625,0.3011322
53.790115,54.125,0.33488464
44.256195,43.875,0.38119507
38.856365,38.375,0.4813652
49.138752,49.125,0.013751984
57.20401,57.25,0.04598999
48.432495,48.625,0.19250488
76.716034,76.875,0.15896606
75.042404,74.875,0.16740417
52.377026,52.75,0.3729744
62.18685,62.0,0.1868515
45.848633,45.625,0.22363281
44.44687,44.5,0.053131104
44.766884,44.5,0.26688385
77.8442,77.875,0.030799866
82.5747,82.0,0.5746994
77.27022,77.0,0.2702179
47.91203,47.75,0.16202927
49.53941,49.375,0.16440964
66.39934,66.5,0.10066223
37.795692,37.125,0.67069244
54.466255,54.375,0.09125519
73.49064,73.625,0.13436127
60.672813,60.75,0.077186584
70.12296,70.125,0.0020370483
80.91209,80.625,0.2870865
74.436035,74.0,0.43603516
62.024857,61.875,0.14985657
40.107273,39.625,0.4822731
52.730045,53.0,0.26995468
72.582275,72.875,0.2927246
59.580208,59.625,0.044792175
79.15686,78.375,0.78186035
60.343967,60.625,0.28103256
46.749252,47.0,0.25074768
77.834724,77.25,0.5847244
44.866497,44.875,0.00850296
45.216553,44.75,0.46655273
64.65029,64.75,0.09970856
75.93091,75.375,0.5559082
78.0522,78.0,0.052200317
57.929703,58.125,0.19529724
84.2602,84.0,0.2602005
69.42726,69.75,0.32273865
81.34432,81.375,0.030677795
51.831894,52.0,0.16810608
72.03482,72.25,0.21517944
70.269394,70.25,0.01939392
46.1305,46.25,0.11949921
44.285633,44.375,0.08936691
84.48729,84.0,0.48728943
81.31124,81.125,0.18624115
58.91053,58.875,0.03553009
53.78707,54.125,0.33792877
56.372078,56.625,0.25292206
81.52938,81.125,0.4043808
68.00099,67.5,0.5009918
44.29023,44.5,0.2097702
82.54756,82.125,0.42256165
72.45893,72.5,0.04106903
58.18639,59.0,0.8136101
65.024475,65.25,0.2255249
71.31121,71.125,0.18621063
75.794815,76.125,0.33018494
46.887764,46.875,0.012763977
38.618637,37.75,0.8686371
45.2924,45.125,0.16740036
50.195553,50.375,0.17944717
79.11576,79.375,0.2592392
52.50747,52.625,0.11753082
62.147346,63.0,0.8526535
78.74749,78.375,0.37248993
72.88236,73.125,0.24263763
67.462105,67.5,0.037895203
78.05998,77.625,0.4349823
85.19121,85.25,0.058792114
64.05166,64.25,0.19834137
38.429783,37.375,1.0547829
65.72396,65.625,0.09896088
57.443054,57.75,0.3069458
86.36354,85.375,0.98854065
53.13929,53.375,0.23571014
42.182163,41.0,1.1821632
61.63483,63.0,1.3651695
49.44881,49.875,0.42618942
80.218445,79.375,0.8434448
54.84987,55.125,0.27513123
61.32956,61.75,0.42044067
43.173126,42.25,0.9231262
71.729645,71.5,0.22964478
43.17363,43.125,0.04862976
39.430904,39.125,0.3059044
85.35257,84.875,0.47756958
43.79602,44.25,0.4539795
40.1948,39.875,0.31980133
75.08942,75.25,0.1605835
45.84056,45.75,0.09056091
56.769814,57.125,0.35518646
60.52268,60.875,0.35232162
77.92201,77.5,0.42201233
74.70102,74.5,0.20101929
46.466766,46.5,0.033233643
38.247192,37.625,0.6221924
40.043392,40.0,0.04339218
49.777348,50.0,0.22265244
82.05099,81.5,0.55098724
56.68779,56.875,0.18721008
65.770874,65.75,0.020874023
82.431465,81.875,0.55646515
73.518555,73.625,0.10644531
47.36129,47.875,0.51371
79.71573,79.75,0.03427124
57.466553,57.75,0.28344727
76.75187,76.375,0.3768692
43.34515,43.0,0.34515
85.033875,84.875,0.15887451
38.59398,38.0,0.5939789
71.612564,71.875,0.2624359
50.263428,50.5,0.23657227
41.62433,40.875,0.7493286
76.861755,76.875,0.013244629
80.32017,80.5,0.17983246
78.54293,78.25,0.2929306
66.92793,66.75,0.17793274
46.900436,46.375,0.5254364
39.39682,38.5,0.89682007
81.92487,81.375,0.54987335
77.383835,77.625,0.24116516
47.37175,47.875,0.5032501
47.270794,47.625,0.3542061
79.37589,79.625,0.24910736
57.12406,57.5,0.37593842
75.239426,75.125,0.11442566
38.425827,38.25,0.17582703
45.825836,45.625,0.20083618
39.066063,38.75,0.31606293
51.612385,51.625,0.012615204
38.452827,38.0,0.45282745
61.98197,62.625,0.64302826
38.857903,38.875,0.017097473
72.56077,72.5,0.060768127
49.10468,49.375,0.2703209
47.206635,47.5,0.29336548
48.91602,49.0,0.08398056
56.148815,56.625,0.47618484
79.09146,79.125,0.03353882
69.6876,70.0,0.31240082
45.891556,45.5,0.3915558
78.74472,78.5,0.24472046
67.4683,67.625,0.15670013
42.111458,41.25,0.8614578
85.221405,84.625,0.596405
58.616104,59.125,0.5088959
68.153175,68.0,0.15317535
40.66192,40.625,0.03691864
43.04412,42.5,0.5441208
51.981773,52.25,0.26822662
49.653687,49.625,0.028686523
45.735992,45.5,0.23599243
50.987774,51.25,0.2622261
44.222633,43.875,0.34763336
53.659122,54.25,0.59087753
40.168377,39.75,0.41837692
84.073006,83.125,0.9480057
83.89024,83.5,0.39024353
78.28442,78.25,0.0344162
43.957336,44.125,0.16766357
54.980606,55.375,0.39439392
51.961555,52.125,0.16344452
79.48623,79.5,0.013771057
56.299576,56.25,0.049575806
85.57355,85.375,0.19854736
45.847187,45.125,0.72218704
41.502728,41.125,0.3777275
68.0094,68.25,0.24060059
66.0291,66.5,0.4709015
81.30626,80.625,0.68125916
40.858017,40.625,0.23301697
80.546906,80.625,0.07809448
46.923573,47.0,0.07642746
52.69714,52.75,0.05286026
84.58692,83.5,1.0869217
71.40869,71.5,0.091308594
51.00895,51.125,0.11605072
60.184204,60.875,0.6907959
78.17485,78.125,0.049850464
57.537773,58.125,0.58722687
61.868828,62.125,0.25617218
74.12355,74.0,0.123550415
46.968533,47.125,0.15646744
56.72677,57.0,0.2732315
41.275417,40.875,0.40041733
75.980286,76.25,0.26971436
74.10829,74.25,0.14170837
85.01759,84.25,0.7675934
80.81207,81.0,0.18792725
39.08464,39.0,0.0846405
64.66651,65.125,0.45848846
66.29858,66.25,0.048576355
67.32241,67.625,0.30258942
80.6074,80.375,0.23239899
39.056416,38.875,0.18141556
79.42542,80.125,0.69957733
54.32849,54.625,0.2965088
40.787373,40.25,0.5373726
62.781357,62.625,0.15635681
49.39471,49.75,0.35528946
56.63295,56.875,0.24205017
73.33756,72.75,0.58756256
46.34199,46.5,0.15800858
61.707146,61.5,0.20714569
73.99687,73.875,0.12187195
44.87152,44.75,0.121520996
54.715363,54.75,0.03463745
62.686707,63.125,0.43829346
51.425053,51.75,0.32494736
65.42452,65.75,0.3254776
42.531593,42.0,0.5315933
60.82601,61.0,0.17398834
38.459538,37.875,0.5845375
55.054653,55.5,0.44534683
77.42363,77.125,0.29862976
82.5923,82.5,0.092300415
58.54312,58.875,0.33187866
49.25669,49.125,0.13169098
67.62561,67.625,0.00061035156
64.69416,65.0,0.30583954
43.01486,42.625,0.38985825
39.962894,39.5,0.46289444
77.01826,77.125,0.10674286
38.19099,37.75,0.44099045
64.90274,65.125,0.22225952
48.60238,48.5,0.102378845
39.886543,39.5,0.38654327
80.59876,80.125,0.4737625
65.99137,66.375,0.38362885
78.486336,78.125,0.36133575
49.275707,49.125,0.15070724
66.12634,66.125,0.0013427734
40.363697,39.75,0.61369705
68.83769,68.875,0.03730774
54.124306,54.75,0.6256943
74.66885,74.625,0.04385376
64.464264,64.5,0.035736084
55.494965,55.5,0.0050354004
46.39563,46.5,0.10437012
59.98439,60.375,0.39060974
84.6391,83.625,1.0140991
53.41925,53.875,0.4557495
72.96039,73.25,0.28961182
54.367775,54.5,0.13222504
71.07527,70.875,0.2002716
77.65901,77.25,0.40901184
74.55253,74.375,0.17752838
78.32579,78.5,0.1742096
80.06976,80.125,0.055236816
51.442062,51.875,0.43293762
56.341408,56.625,0.28359222
38.202976,37.75,0.45297623
85.769775,85.125,0.6447754
62.03898,61.875,0.16397858
63.519756,64.125,0.6052437
85.347855,84.875,0.4728546
41.105507,40.5,0.6055069
48.21428,48.375,0.16072083
82.763985,82.125,0.6389847
85.20889,85.0,0.20889282
51.962883,52.25,0.287117
53.948242,54.625,0.6767578
46.345562,46.875,0.529438
47.089306,47.125,0.035694122
84.76511,84.25,0.5151062
63.14805,63.25,0.1019516
50.08503,50.25,0.1649704
74.79695,74.625,0.1719513
53.76059,53.875,0.1144104
50.77684,51.0,0.22315979
40.005226,39.375,0.63022614
63.33839,63.75,0.41160965
81.816795,81.5,0.31679535
57.96244,58.625,0.6625595
79.991035,79.25,0.74103546
53.697353,53.75,0.052646637
73.51401,73.625,0.11099243
42.39471,41.5,0.89471054
47.49674,48.0,0.50326157
60.03887,60.0,0.038871765
60.6298,60.875,0.24520111
45.970375,45.5,0.47037506
60.983566,61.25,0.26643372
78.793,78.25,0.54299927
48.249603,48.625,0.37539673
61.071457,61.375,0.3035431
82.28078,81.75,0.530777
41.566273,41.625,0.058727264
71.53032,71.5,0.030319214
54.627934,55.0,0.3720665
74.22101,74.125,0.0960083
51.67788,51.5,0.17787933
68.51155,68.625,0.1134491
85.95926,85.375,0.58425903
51.857,52.0,0.14300156
72.494865,72.75,0.25513458
85.04241,84.25,0.7924118
68.02712,68.125,0.0978775
56.854027,56.375,0.4790268
70.44903,70.5,0.050971985
61.4467,61.625,0.17829895
49.381046,49.375,0.006046295
57.04875,57.5,0.45124817
71.70869,71.875,0.16631317
45.40485,44.875,0.52985
56.88817,57.25,0.36183167
77.782715,77.375,0.40771484
73.42292,73.375,0.047920227
61.22692,61.5,0.27307892
38.88395,38.625,0.25894928
42.72568,42.25,0.4756813
76.38554,75.875,0.5105362
76.265,76.5,0.23500061
51.59369,51.75,0.15631104
70.49913,70.75,0.25086975
55.79741,55.875,0.07759094
67.75226,68.0,0.2477417
39.85398,39.25,0.603981
40.056984,39.875,0.18198395
50.8982,51.125,0.22679901
42.81758,42.875,0.057418823
69.617584,69.25,0.36758423
47.901024,48.125,0.22397614
84.36735,84.125,0.24234772
47.738358,48.125,0.38664246
83.19771,82.875,0.32270813
83.420586,82.875,0.54558563
73.913155,73.75,0.1631546
77.63948,77.5,0.13948059
38.431522,37.75,0.68152237
46.129177,46.375,0.2458229
82.28685,81.75,0.53685
52.429184,52.125,0.30418396
45.73074,45.375,0.3557396
85.49534,85.0,0.49533844
38.076607,37.125,0.95160675
77.983,77.875,0.10800171
77.78279,77.375,0.40779114
70.65387,70.875,0.22113037
79.10094,78.75,0.3509369
39.996624,39.625,0.371624
65.412254,65.625,0.21274567
71.81549,71.75,0.06549072
75.928795,75.75,0.17879486
78.535446,78.5,0.035446167
77.89354,77.5,0.39353943
80.70051,79.875,0.8255081
67.0347,67.0,0.034698486
78.18141,78.125,0.056411743
42.013218,41.0,1.0132179
64.88383,65.625,0.7411728
84.43107,83.5,0.9310684
81.6834,81.125,0.558403
46.02141,45.75,0.2714119
86.02791,85.5,0.5279083
75.41159,75.375,0.036590576
80.001884,79.75,0.25188446
61.05699,61.125,0.06800842
65.2649,65.625,0.3600998
69.64807,69.875,0.22692871
73.67728,73.875,0.19772339
51.078552,51.25,0.17144775
44.095695,44.125,0.029304504
67.42445,67.625,0.20054626
71.95194,71.875,0.076942444
43.731728,43.125,0.6067276
69.10618,69.0,0.10617828
79.146706,78.875,0.27170563
80.30613,80.5,0.19387054
42.99403,42.125,0.86903
46.218376,45.75,0.46837616
38.566208,38.125,0.4412079
83.64771,83.375,0.2727127
61.038715,61.5,0.46128464
80.49927,80.375,0.12426758
71.00006,71.0,6.1035156e-05
66.77698,66.875,0.09802246
82.46681,82.625,0.15818787
53.06452,53.75,0.6854782
62.313065,62.875,0.5619354
59.95002,59.875,0.07501984
61.433193,61.875,0.4418068
68.05387,68.5,0.44612885
44.523685,44.75,0.22631454
69.31299,69.5,0.18701172
44.87481,44.875,0.00019073486
50.378826,50.75,0.37117386
64.151855,64.375,0.22314453
81.08256,80.75,0.33255768
74.05386,73.375,0.6788635
60.974457,61.75,0.7755432
71.96487,71.75,0.21486664
64.53349,65.0,0.46650696
40.975685,40.5,0.47568512
75.996994,75.75,0.24699402
78.834885,78.5,0.33488464
83.66264,83.875,0.21235657
47.092163,47.125,0.032836914
46.34956,46.125,0.22455978
74.13399,74.0,0.13398743
39.47397,38.5,0.9739685
79.582214,79.375,0.20721436
73.76083,74.0,0.23916626
43.672104,43.625,0.04710388
66.29428,66.5,0.205719
42.625534,42.0,0.62553406
46.32819,46.125,0.20318985
61.31675,61.5,0.18325043
69.078575,69.0,0.078575134
40.348614,40.125,0.22361374
47.34282,47.875,0.5321808
66.76623,66.75,0.016227722
68.2417,68.5,0.25830078
37.593914,37.375,0.21891403
65.99786,66.375,0.37713623
51.14955,51.5,0.3504486
51.477695,51.75,0.27230453
73.11515,73.125,0.009849548
45.466724,45.0,0.4667244
79.58105,79.25,0.33104706
50.16857,50.375,0.20642853
82.81112,82.375,0.43611908
62.52454,62.375,0.14953995
76.3916,75.875,0.51660156
45.78054,45.5,0.28054047
80.05075,79.625,0.42575073
47.973095,48.0,0.02690506
84.61081,84.375,0.23580933
81.77313,81.375,0.39813232
67.59335,67.75,0.15664673
45.153236,45.0,0.15323639
57.14157,57.75,0.60842896
67.167755,66.875,0.29275513
53.912663,54.25,0.3373375
43.78363,43.25,0.5336304
67.98255,68.125,0.14244843
53.088192,52.625,0.463192
54.408676,54.625,0.21632385
46.06223,46.125,0.06277084
52.10306,52.125,0.021938324
67.30702,67.625,0.3179779
51.0099,51.375,0.36510086
38.776848,38.75,0.02684784
75.27018,75.125,0.14517975
41.82299,41.75,0.07299042
67.17061,67.25,0.07939148
52.19819,52.5,0.30181122
86.25592,85.25,1.0059204
53.758373,53.25,0.50837326
79.30137,79.0,0.3013687
51.78728,52.0,0.21271896
85.24963,85.875,0.6253662
76.87544,76.375,0.5004425
39.216736,39.0,0.21673584
39.619125,39.375,0.24412537
86.34016,85.375,0.96515656
53.984955,53.75,0.23495483
54.76359,54.75,0.013591766
46.00618,45.75,0.2561798
39.761925,39.75,0.011924744
46.42482,46.375,0.049819946
85.83237,85.5,0.33236694
54.757294,54.875,0.1177063
56.368153,56.375,0.0068473816
46.50892,46.0,0.50891876
53.154087,53.375,0.22091293
62.502686,63.125,0.62231445
57.4367,57.625,0.18830109
73.634575,73.75,0.11542511
52.491005,52.5,0.008995056
70.68464,70.75,0.06536102
37.978928,37.25,0.7289276
75.19153,75.0,0.19152832
85.162506,84.25,0.9125061
53.95429,54.125,0.17071152
58.697456,59.0,0.30254364
40.282078,39.875,0.4070778
60.926834,61.125,0.1981659
50.349373,50.5,0.15062714
74.50599,74.375,0.13098907
53.297943,53.75,0.45205688
46.04569,46.0,0.04568863
56.010307,56.25,0.23969269
52.03106,52.25,0.21894073
50.962852,50.875,0.08785248
56.699356,57.0,0.30064392
46.58561,46.75,0.16439056
49.419838,49.375,0.04483795
85.744385,85.25,0.49438477
71.12727,71.5,0.37272644
41.026596,40.5,0.52659607
73.8882,73.625,0.26319885
62.8434,63.375,0.53160095
85.56215,85.625,0.06285095
59.83285,59.75,0.08285141
42.735363,42.625,0.11036301
82.95387,82.125,0.8288727
64.21966,64.875,0.6553421
58.1727,58.25,0.077301025
53.832573,53.5,0.33257294
77.83776,78.0,0.16223907
64.63133,64.5,0.1313324
83.487434,83.125,0.3624344
42.782906,42.375,0.40790558
76.66793,76.625,0.042930603
45.419537,45.0,0.4195366
50.490444,50.75,0.25955582
75.995926,75.75,0.2459259
82.2881,81.875,0.4131012
73.46597,72.875,0.5909729
76.703354,77.0,0.29664612
47.866066,48.25,0.38393402
66.70931,66.75,0.04068756
62.892365,63.375,0.4826355
51.851303,52.25,0.3986969
46.06981,46.0,0.06980896
45.34297,45.125,0.2179718
60.861008,61.0,0.13899231
42.36385,41.75,0.61384964
85.25924,84.375,0.8842392
73.65921,73.875,0.2157898
70.10129,70.125,0.023712158
49.486927,49.625,0.13807297
72.85624,73.0,0.14376068
80.719635,80.0,0.719635
43.775303,44.25,0.4746971
47.26156,47.625,0.36344147
46.509773,46.75,0.24022675
57.091637,57.25,0.15836334
57.509922,58.0,0.49007797
51.30392,51.25,0.053920746
56.710114,56.25,0.46011353
72.71365,72.625,0.088653564
63.48201,63.75,0.2679901
69.05216,69.25,0.19783783
38.60834,38.0,0.6083412
71.10628,71.375,0.26872253
61.049496,61.375,0.3255043
62.129227,62.25,0.120773315
50.38586,50.625,0.23913956
76.980736,76.875,0.10573578
67.68657,67.5,0.18656921
75.81529,75.75,0.06529236
85.82675,85.125,0.7017517
54.92311,55.375,0.45188904
71.20055,71.25,0.049453735
53.46346,53.625,0.16154099
50.79733,51.25,0.45267105
62.861942,63.125,0.2630577
73.88805,73.625,0.26304626
42.680717,42.375,0.30571747
56.98728,57.375,0.3877182
81.950424,81.875,0.075424194
75.89263,75.25,0.64263153
77.93352,77.75,0.18351746
38.915882,38.75,0.16588211
71.433525,71.5,0.066474915
45.42225,45.125,0.29724884
54.767235,55.0,0.2327652
40.955124,40.25,0.7051239
83.28228,82.625,0.65727997
76.669495,76.5,0.16949463
49.41864,49.375,0.043640137
61.776077,62.25,0.47392273
72.59821,72.25,0.3482132
60.994408,61.375,0.38059235
70.66173,70.75,0.088272095
61.86451,62.5,0.6354904
64.09103,64.25,0.1589737
48.035957,48.5,0.46404266
37.193653,37.125,0.06865311
50.013897,50.25,0.23610306
41.89323,41.125,0.76823044
41.77959,41.25,0.5295906
67.69748,67.875,0.17752075
68.248375,68.5,0.25162506
63.277084,63.75,0.47291565
46.445385,46.875,0.42961502
81.19297,80.5,0.6929703
61.839176,62.125,0.28582382
70.08615,70.5,0.41384888
66.21278,66.5,0.2872162
45.683617,45.5,0.18361664
74.47104,74.375,0.09603882
75.326614,75.125,0.20161438
69.63222,70.125,0.4927826
44.288742,43.875,0.41374207
49.13929,49.125,0.014289856
62.64859,62.875,0.22640991
69.48644,69.75,0.26355743
71.00585,71.375,0.36914825
70.117134,70.375,0.2578659
61.046234,60.625,0.42123413
61.184433,61.625,0.44056702
65.59873,65.75,0.151268
56.142464,55.875,0.26746368
83.0013,82.0,1.001297
78.707275,78.25,0.4572754
82.77561,82.125,0.6506119
46.7076,46.75,0.04240036
38.718254,38.75,0.03174591
47.767185,48.125,0.3578148
53.964424,54.25,0.28557587
44.069794,43.5,0.5697937
40.180367,40.0,0.18036652
75.52395,76.125,0.60105133
49.357124,49.375,0.017875671
71.57907,71.75,0.17092896
56.080948,56.0,0.080947876
39.13687,37.875,1.2618713
69.83447,69.625,0.20947266
49.084633,49.0,0.08463287
51.545105,51.75,0.20489502
58.320564,58.875,0.55443573
65.737404,66.0,0.26259613
43.52735,43.625,0.09764862
75.180595,75.0,0.1805954
63.617363,63.875,0.25763702
77.933784,77.75,0.18378448
42.775883,42.625,0.15088272
85.51172,84.75,0.76171875
53.06826,53.5,0.4317398
42.6812,42.375,0.30619812
78.07925,77.875,0.20424652
60.7163,61.125,0.40869904
58.069458,58.375,0.305542
76.260796,75.5,0.7607956
69.80249,70.125,0.32250977
71.904945,71.75,0.15494537
47.047573,47.5,0.4524269
79.026855,78.875,0.15185547
45.687965,45.25,0.4379654
62.017776,61.875,0.14277649
76.01373,75.375,0.6387329
56.72221,56.875,0.15279007
72.747765,72.75,0.0022354126
75.71871,75.625,0.09371185
78.4165,78.375,0.041496277
61.520767,61.875,0.3542328
81.5661,81.0,0.5661011
71.91738,72.0,0.08261871
38.48312,37.875,0.60811996
40.3273,40.0,0.32730103
45.653824,45.125,0.52882385
85.038025,84.625,0.4130249
59.872417,59.875,0.00258255
51.176052,51.375,0.1989479
49.526943,49.5,0.026943207
55.568832,55.625,0.056167603
56.041092,56.0,0.04109192
43.976215,43.5,0.47621536
69.95502,70.375,0.4199829
52.98881,53.375,0.3861885
46.24908,46.375,0.12591934
62.43093,62.625,0.19406891
65.50295,66.125,0.6220474
57.80397,58.125,0.32102966
64.65687,65.25,0.593132
56.8749,57.375,0.5000992
62.35013,62.75,0.39987183
55.600933,55.5,0.100933075
45.716705,45.75,0.033294678
61.954437,62.25,0.29556274
79.8786,79.25,0.6286011
81.636505,81.375,0.26150513
67.99001,68.125,0.13498688
50.742214,50.875,0.1327858
49.96367,50.125,0.16133118
85.25658,85.375,0.11842346
85.6871,84.5,1.1871033
60.39717,60.5,0.10282898
52.21923,52.25,0.030769348
58.840862,59.125,0.28413773
82.46628,82.125,0.34127808
79.92386,80.0,0.07614136
74.030136,73.75,0.2801361
52.19326,52.375,0.1817398
48.350906,48.5,0.14909363
41.456486,40.75,0.70648575
73.229996,73.25,0.020004272
73.04572,72.75,0.29572296
47.795494,47.625,0.17049408
52.254642,52.5,0.24535751
66.59464,66.625,0.03035736
80.08858,79.875,0.21357727
67.658936,67.5,0.15893555
66.12692,66.125,0.0019226074
47.778656,48.125,0.346344
76.76399,76.375,0.3889923
74.880295,74.75,0.1302948
56.349102,56.625,0.27589798
82.6746,82.125,0.5495987
85.577225,84.375,1.2022247
38.37216,38.125,0.24716187
43.96305,44.25,0.28694916
47.37831,47.75,0.37168884
68.94437,69.125,0.18063354
82.135605,82.125,0.010604858
37.923023,37.25,0.6730232
58.77547,59.25,0.47452927
65.373764,65.5,0.12623596
63.064507,63.125,0.06049347
58.689575,59.0,0.3104248
85.72951,85.375,0.35450745
52.73619,52.875,0.1388092
57.31269,57.375,0.062309265
37.58786,37.25,0.3378601
78.49447,78.25,0.24446869
75.40283,74.875,0.52783203
58.03513,58.375,0.33987045
59.730732,59.875,0.14426804
77.16896,76.75,0.41896057
74.60191,74.25,0.35191345
84.820694,83.875,0.94569397
60.540634,61.125,0.58436584
52.360607,52.625,0.26439285
70.62747,70.875,0.24752808
56.142178,56.375,0.23282242
40.672443,40.5,0.17244339
37.916496,37.5,0.41649628
40.194542,39.25,0.94454193
74.15052,74.375,0.22447968
60.4069,60.375,0.0318985
81.38295,80.875,0.5079498
85.06073,84.5,0.56073
46.019737,45.75,0.26973724
50.240185,50.25,0.009815216
62.384537,62.875,0.49046326
43.539913,43.5,0.039913177
82.3309,81.875,0.4559021
84.96712,84.625,0.3421173
39.76979,39.5,0.26979065
73.746475,73.875,0.12852478
85.65126,84.625,1.0262604
66.960754,67.125,0.1642456
74.16826,74.25,0.08174133
40.04622,39.75,0.29621887
68.948555,68.75,0.198555
68.63289,68.75,0.117111206
56.085133,56.375,0.2898674
76.67828,77.5,0.8217163
56.597153,56.625,0.02784729
57.771713,57.875,0.10328674
78.813065,78.625,0.18806458
86.29301,85.875,0.4180069
56.49176,56.375,0.116760254
60.67657,60.25,0.4265709
49.369392,50.0,0.6306076
42.052917,41.375,0.6779175
67.02769,66.75,0.27768707
65.88594,65.875,0.010940552
64.7966,65.375,0.57839966
83.44609,83.125,0.3210907
84.89972,84.5,0.39971924
54.90649,55.375,0.46850967
72.10242,72.375,0.272583
83.24118,83.0,0.24118042
43.724457,43.0,0.7244568
85.410706,85.25,0.16070557
55.069386,55.0,0.06938553
43.794403,44.0,0.20559692
76.982544,76.25,0.73254395
40.03761,39.625,0.4126091
43.469833,43.0,0.46983337
56.9196,57.25,0.33039856
48.80919,48.875,0.06581116
66.356224,66.625,0.26877594
70.28735,70.625,0.33764648
61.729263,62.0,0.2707367
77.46954,77.25,0.21954346
57.41513,57.375,0.040130615
63.084114,63.25,0.16588593
64.15318,64.25,0.09681702
60.455925,60.625,0.16907501
67.20987,67.375,0.16513062
72.656425,72.375,0.28142548
75.99758,75.5,0.49758148
54.264954,54.5,0.23504639
60.201168,60.125,0.07616806
61.882042,62.25,0.36795807
78.95854,78.75,0.20854187
77.49681,77.125,0.3718109
52.596397,53.0,0.4036026
75.27199,75.125,0.14698792
85.11191,85.0,0.11190796
70.77905,71.125,0.34594727
81.834,81.5,0.33399963
56.663292,57.125,0.46170807
73.98608,74.25,0.26392365
75.954,75.75,0.20400238
77.57822,77.125,0.45321655
86.24184,85.75,0.49183655
40.22322,39.5,0.7232208
72.72919,72.875,0.14581299
77.72726,77.625,0.102256775
55.38298,55.375,0.007980347
72.58627,72.75,0.1637268
83.74111,82.875,0.86611176
39.012,38.75,0.26200104
68.15923,68.5,0.3407669
49.354855,49.25,0.104854584
64.55505,65.125,0.5699463
77.41407,77.375,0.03907013
85.79945,85.25,0.54945374
68.01919,67.875,0.14418793
43.103176,42.75,0.35317612
53.52363,53.5,0.023628235
40.502632,40.125,0.37763214
60.4456,61.0,0.5544014
66.465164,66.75,0.28483582
80.11211,80.125,0.012893677
72.81148,72.75,0.06147766
65.487366,65.25,0.23736572
37.475952,37.0,0.47595215
53.316402,53.75,0.43359756
43.981842,43.375,0.60684204
64.87372,65.125,0.25128174
84.24601,84.5,0.25399017
75.12969,74.625,0.5046921
51.980618,52.25,0.26938248
57.451485,57.875,0.42351532
68.01514,68.0,0.015136719
50.307606,50.375,0.06739426
42.25188,41.5,0.75188065
42.377472,41.875,0.5024719
75.558914,75.625,0.066085815
53.062622,53.0,0.06262207
52.12725,52.125,0.0022506714
66.11364,66.375,0.26136017
42.50107,41.75,0.7510681
63.20874,63.625,0.41625977
76.56232,76.75,0.1876831
66.19782,66.625,0.42717743
49.812534,50.0,0.18746567
66.57475,66.625,0.050247192
65.904724,66.125,0.22027588
38.543484,38.25,0.29348373
56.417397,56.625,0.20760345
85.76705,85.5,0.2670517
42.623055,42.0,0.6230545
77.95842,78.125,0.1665802
43.619793,43.875,0.25520706
62.86258,63.0,0.13742065
66.70894,66.5,0.2089386
84.30666,84.0,0.3066635
59.48934,59.5,0.010658264
69.31551,69.75,0.4344864
67.53663,67.375,0.16162872
82.443,82.375,0.06800079
77.47526,77.0,0.47525787
44.98876,44.875,0.1137619
81.331345,81.5,0.1686554
47.302204,47.5,0.19779587
51.035927,51.5,0.46407318
60.44359,60.0,0.44358826
42.978394,42.25,0.72839355
49.579338,49.625,0.045661926
57.686844,58.0,0.31315613
39.35588,38.625,0.73088074
53.513687,53.625,0.111312866
63.26883,63.75,0.48117065
43.051456,42.625,0.42645645
46.149662,45.75,0.39966202
50.15647,50.5,0.34352875
81.76633,81.5,0.2663269
47.54676,47.875,0.32823944
42.35855,41.875,0.48355103
78.8914,78.75,0.1414032
59.485847,59.875,0.38915253
79.06305,78.625,0.43804932
84.57173,83.625,0.94673157
59.912254,60.125,0.21274567
77.40725,77.25,0.15724945
69.251686,69.375,0.123313904
45.502808,45.125,0.37780762
70.90662,71.0,0.09338379
55.13006,55.5,0.3699417
57.038437,57.375,0.3365631
43.585854,43.625,0.039146423
49.91698,50.125,0.20801926
56.950092,57.5,0.5499077
56.346573,56.375,0.028427124
70.22475,70.375,0.1502533
47.685722,48.25,0.56427765
83.53531,83.25,0.28530884
64.00223,64.25,0.24777222
69.719635,70.125,0.405365
70.38289,70.25,0.1328888
63.413963,64.0,0.5860367
72.61592,72.5,0.11592102
85.13652,84.5,0.6365204
41.43184,40.875,0.556839
68.02226,67.75,0.27226257
84.91507,84.5,0.41506958
41.92603,41.5,0.4260292
47.732166,48.125,0.3928337
73.06773,72.75,0.31773376
68.398,68.5,0.101997375
43.670807,44.125,0.45419312
71.192825,71.125,0.06782532
68.710014,68.625,0.08501434
83.196724,83.125,0.07172394
63.131565,63.75,0.6184349
57.13501,57.625,0.48999023
55.91227,55.875,0.037269592
58.19581,58.75,0.5541916
71.0627,71.125,0.062301636
63.167255,63.375,0.2077446
43.49415,43.0,0.49414825
51.008545,51.25,0.24145508
50.356113,50.5,0.14388657
68.6451,68.875,0.22989655
38.74054,38.625,0.11553955
68.689224,68.625,0.06422424
61.99501,62.25,0.25498962
60.966614,60.625,0.34161377
74.96617,75.125,0.15882874
59.218727,59.0,0.21872711
54.933907,54.625,0.30890656
59.806656,59.75,0.056655884
79.85628,79.5,0.35627747
44.234467,44.25,0.015533447
68.06977,68.25,0.18022919
51.583714,51.875,0.29128647
70.37718,70.75,0.372818
57.815327,58.125,0.3096733
53.148006,53.25,0.10199356
82.06109,81.875,0.18608856
73.39078,73.25,0.14077759
86.322365,85.875,0.4473648
85.140656,85.125,0.015655518
50.343006,50.75,0.40699387
70.35304,70.75,0.3969574
68.906845,68.875,0.031845093
74.67113,74.625,0.04612732
70.51397,70.25,0.26396942
62.436096,62.625,0.18890381
78.74485,78.5,0.24485016
82.334915,82.0,0.33491516
43.479496,42.875,0.604496
47.166893,47.75,0.583107
61.17045,61.75,0.5795517
57.478058,57.75,0.27194214
63.807133,64.0,0.19286728
85.44945,85.0,0.44944763
48.574482,49.0,0.42551804
57.361458,57.0,0.36145782
80.77461,80.5,0.27461243
83.70528,83.625,0.08027649
55.71821,56.125,0.4067917
39.766136,39.5,0.26613617
64.808075,65.0,0.19192505
58.56929,59.125,0.55570984
62.30999,63.0,0.6900101
57.571167,57.625,0.053833008
70.724396,70.75,0.025604248
50.384686,50.25,0.13468552
44.498466,44.5,0.0015335083
78.64099,78.25,0.3909912
70.863655,70.875,0.01134491
57.658978,58.125,0.4660225
81.984314,81.625,0.35931396
59.701363,60.125,0.4236374
52.99825,53.25,0.25175095
63.14721,63.375,0.22779083
65.042435,65.5,0.4575653
66.447075,66.375,0.07207489
42.04595,41.5,0.54595184
69.14741,69.375,0.22759247
67.8881,67.625,0.26309967
45.665073,45.125,0.5400734
74.81811,74.75,0.068107605
46.8341,47.0,0.16590118
46.901596,47.5,0.59840393
42.850033,42.625,0.2250328
56.056602,56.25,0.19339752
57.80123,57.875,0.073768616
39.730145,39.625,0.1051445
43.98493,44.25,0.26507187
44.70837,44.5,0.20837021
52.710308,53.125,0.41469193
45.563324,45.25,0.31332397
61.172207,61.625,0.45279312
70.2366,70.25,0.013397217
80.239975,79.75,0.48997498
68.34952,68.75,0.40048218
52.005527,51.75,0.2555275
54.69501,55.25,0.55498886
77.182274,77.125,0.057273865
58.579468,58.75,0.17053223
44.07504,43.625,0.4500389
79.17154,79.0,0.1715393
43.455215,42.875,0.58021545
49.583813,50.0,0.4161873
74.62283,74.625,0.002166748
38.68548,38.125,0.5604782
57.403473,57.375,0.0284729
84.43532,83.875,0.560318
60.305687,60.375,0.06931305
39.506683,39.0,0.50668335
81.989456,81.875,0.11445618
52.897438,53.125,0.22756195
71.510056,71.25,0.26005554
60.715515,61.375,0.65948486
70.70294,71.0,0.2970581
72.205185,72.0,0.20518494
80.068436,80.25,0.18156433
43.866806,43.25,0.61680603
54.942715,55.25,0.3072853
59.603447,59.625,0.02155304
43.600376,43.0,0.6003761
80.03049,80.75,0.71951294
74.8072,75.125,0.31780243
66.41899,66.5,0.08100891
39.510323,39.125,0.38532257
77.39645,77.25,0.14644623
67.75136,68.125,0.37364197
71.97127,72.125,0.1537323
69.24037,69.5,0.2596283
83.12157,81.875,1.2465668
46.086624,45.625,0.46162415
58.273743,58.5,0.22625732
70.68524,71.0,0.3147583
76.575134,76.875,0.29986572
56.358627,56.625,0.26637268
51.104683,51.125,0.020317078
63.544395,64.25,0.70560455
62.407646,62.375,0.03264618
48.96859,49.125,0.15641022
73.86931,74.0,0.13069153
78.19238,77.625,0.5673828
38.359135,38.25,0.109134674
37.888298,37.0,0.88829803
72.45913,72.25,0.20912933
82.14738,81.625,0.522377
69.81425,69.75,0.06424713
77.01723,76.5,0.5172272
46.85353,46.5,0.35353088
62.027016,62.5,0.4729843
43.217056,43.125,0.092056274
48.00317,48.25,0.24682999
46.173893,46.0,0.17389297
52.529884,52.75,0.22011566
61.37847,61.625,0.24652863
70.757614,70.75,0.0076141357
39.890358,39.875,0.015357971
53.53785,54.0,0.46215057
80.84079,80.5,0.3407898
60.379807,60.25,0.12980652
62.24145,62.375,0.13354874
77.57748,77.0,0.5774765
44.779118,44.875,0.095882416
47.055775,47.0,0.05577469
53.561058,53.625,0.063941956
82.99449,83.25,0.25550842
72.65213,72.875,0.22286987
83.42137,82.75,0.67137146
48.32056,48.625,0.30443954
62.459946,63.0,0.5400543
81.30299,81.25,0.052993774
84.87906,83.875,1.0040588
66.4001,66.625,0.22489929
78.1408,78.25,0.109199524
77.33079,77.375,0.04421234
61.21972,60.875,0.34471893
61.254715,62.0,0.74528503
78.57047,78.5,0.07047272
51.453896,51.625,0.17110443
46.9362,46.625,0.3111992
51.913025,52.25,0.3369751
51.153404,51.375,0.22159576
68.94919,68.75,0.19918823
59.44275,59.75,0.30725098
78.55852,78.125,0.43351746
42.90866,43.125,0.21633911
60.893795,61.25,0.356205
57.059376,56.75,0.30937576
69.76809,70.125,0.3569107
42.542595,41.5,1.0425949
46.931595,47.25,0.31840515
53.30797,53.0,0.30796814
69.10123,69.25,0.1487732
37.994854,37.5,0.49485397
65.73159,66.125,0.39340973
73.54445,73.75,0.20555115
55.90808,56.375,0.46691895
42.881958,42.0,0.881958
63.56287,64.125,0.56213
71.94979,71.875,0.074790955
59.52368,59.875,0.35131836
45.45468,45.25,0.2046814
48.061848,48.25,0.18815231
83.95261,83.25,0.7026062
83.580795,83.125,0.4557953
61.200146,61.875,0.6748543
74.052216,73.625,0.42721558
48.694633,49.125,0.43036652
70.34259,70.375,0.032409668
60.97993,61.25,0.27006912
59.183254,59.375,0.19174576
74.815605,74.5,0.31560516
60.662086,61.25,0.5879135
46.35695,46.625,0.26805115
72.14609,72.125,0.021087646
63.452377,63.25,0.20237732
46.71085,46.875,0.16415024
55.174576,55.625,0.4504242
56.63816,56.75,0.111839294
52.19223,52.5,0.30776978
76.711525,76.875,0.16347504
59.505287,59.875,0.36971283
39.714554,39.25,0.46455383
41.85199,41.25,0.60198975
63.016563,63.625,0.6084366
78.6519,78.5,0.15190125
83.81029,83.0,0.8102875
61.330887,62.0,0.66911316
38.125034,37.625,0.50003433
81.08214,80.25,0.83213806
84.98671,84.0,0.9867096
59.465378,59.375,0.09037781
83.32465,82.875,0.44965363
68.36521,68.0,0.3652115
57.393097,57.875,0.48190308
38.91626,38.75,0.16625977
53.45115,53.75,0.298851
69.340744,69.5,0.15925598
40.054268,39.875,0.17926788
41.102505,40.75,0.35250473
64.88786,65.125,0.23713684
74.587006,74.125,0.46200562
66.068184,66.125,0.0568161
85.413734,84.5,0.91373444
76.62428,76.5,0.12428284
69.18292,69.375,0.19207764
77.331894,76.75,0.5818939
40.26758,40.0,0.26757812
75.86825,75.75,0.118247986
40.878098,40.625,0.25309753
57.349125,57.625,0.2758751
84.7634,83.75,1.0133972
65.5045,65.375,0.12950134
47.9339,48.25,0.31610107
53.47008,53.75,0.27991867
45.252934,45.0,0.2529335
49.191814,49.125,0.06681442
43.525276,43.625,0.099723816
52.320404,52.375,0.054595947
85.64377,85.25,0.3937683
56.356976,56.25,0.106975555
54.665447,55.0,0.33455276
47.378273,47.75,0.371727
38.776863,38.75,0.026863098
43.756973,43.5,0.25697327
41.223648,40.625,0.5986481
52.54876,52.125,0.42375946
51.025658,51.25,0.22434235
40.897217,40.625,0.2722168
47.22001,47.75,0.52999115
75.48788,74.875,0.6128769
51.85179,52.0,0.14820862
37.30206,37.0,0.30205917
80.18472,80.25,0.0652771
74.98576,74.625,0.36076355
38.417404,38.0,0.41740417
85.977615,85.375,0.60261536
41.888073,41.5,0.38807297
58.402657,58.75,0.34734344
68.95953,69.125,0.16546631
85.32,85.5,0.1800003
54.78323,55.0,0.21677017
79.78284,80.5,0.7171631
62.996906,63.375,0.37809372
79.14612,78.875,0.27111816
52.019764,52.375,0.35523605
72.30282,72.5,0.1971817
71.468124,71.75,0.2818756
40.392994,40.375,0.017993927
55.548958,55.625,0.076042175
73.58596,73.625,0.03903961
82.083786,81.75,0.333786
68.27708,68.125,0.15207672
53.81868,54.0,0.18132019
71.46022,71.25,0.21022034
49.787106,50.0,0.21289444
46.81349,47.375,0.5615082
85.913925,85.625,0.28892517
43.108757,42.875,0.23375702
74.13926,74.25,0.11074066
73.95072,73.5,0.45072174
38.576004,38.625,0.04899597
73.29463,73.25,0.044631958
83.70734,82.75,0.9573364
78.355515,78.25,0.10551453
60.26861,60.5,0.2313919
84.950165,85.75,0.7998352
49.814034,49.75,0.06403351
53.338417,53.375,0.036582947
66.44841,66.75,0.30158997
57.240356,57.125,0.115356445
84.942764,84.5,0.44276428
61.75589,61.5,0.2558899
39.03596,38.625,0.41096115
41.730476,41.375,0.35547638
46.85077,47.25,0.39923096
81.232574,80.875,0.35757446
70.163795,70.25,0.08620453
38.95431,39.0,0.04568863
80.215485,80.375,0.15951538
60.946228,61.0,0.053771973
83.68171,83.0,0.6817093
45.768555,45.625,0.14355469
76.410614,75.875,0.535614
80.21676,79.625,0.5917587
83.34002,83.0,0.34001923
45.560772,45.25,0.31077194
42.694466,42.875,0.18053436
85.48816,84.625,0.8631592
52.701862,52.75,0.048137665
77.93626,77.75,0.18625641
49.721016,49.75,0.02898407
78.47404,78.75,0.27596283
49.461704,49.5,0.038295746
65.54569,66.0,0.45430756
40.466972,40.625,0.15802765
45.636192,45.125,0.5111923
61.446472,61.625,0.17852783
53.628967,53.75,0.121032715
41.042923,40.625,0.41792297
65.61965,65.75,0.1303482
69.69469,69.875,0.18031311
81.12354,81.375,0.2514572
61.292526,61.375,0.082473755
44.521667,44.5,0.02166748
61.4486,61.25,0.19860077
58.578476,58.75,0.17152405
55.000786,55.25,0.24921417
62.237755,62.5,0.26224518
71.95915,71.75,0.20915222
48.99069,49.25,0.25931168
51.174828,51.25,0.075172424
41.316975,40.75,0.56697464
50.949005,51.0,0.050994873
82.204254,81.875,0.32925415
43.653942,44.125,0.4710579
78.70726,78.375,0.33226013
56.350098,56.875,0.52490234
48.804672,48.875,0.07032776
60.76947,60.625,0.14447021
83.63997,83.375,0.26496887
42.13349,41.75,0.38349152
